﻿<?xml version="1.0" encoding="utf-8"?><slide xmlns:xsi="http://www.w3.org/2001/XMLSchema-instance" xmlns:xsd="http://www.w3.org/2001/XMLSchema" id="6ddKdALzCfa" width="720" height="540" resume="true" usehandcursor="false" enableseek="true" enablereplay="true" lmsid="Slide3" starttime="-1" elapsedtimemode="normal" title="Untitled Slide" trackviews="true" showmenuresulticon="false" viewgroupid="" historygroupid="" videozoom="" scrolling="false" transition="appear" transduration="0" transdir="1" wipetrans="false" slidelock="false" navindex="-1" globalaudioid="" thumbnailid="" slidenumberinscene="3" includeinslidecounts="true" showanimationid=""><actiongroups><actiongroup id="ActGrpOnNextButtonClick"><actions><gotoplay window="_current" wndtype="normal"><objref type="string" value="_player.6RbS2dmNnXt.5u0OdvET9gA" /></gotoplay></actions></actiongroup><actiongroup id="ActGrpOnPrevButtonClick"><actions><history_prev /></actions></actiongroup><actiongroup id="NavigationRestrictionNextSlide_6ddKdALzCfa"><actions><exe_actiongroup id="ActGrpOnNextButtonClick" /></actions></actiongroup><actiongroup id="NavigationRestrictionPreviousSlide_6ddKdALzCfa"><actions><exe_actiongroup id="ActGrpOnPrevButtonClick" /></actions></actiongroup></actiongroups><events><onbeforeslidein><actions><if_action><condition><compare operator="eq" valuea="WindowId" typea="property" valueb="_frame" typeb="string" /></condition><then_actions><set_frame_layout name="pxabnsnfns00001100101" /></then_actions><else_actions><set_window_control_layout name="pxabnsnfns00001100101" /></else_actions></if_action></actions></onbeforeslidein><onnextslide><actions><exe_actiongroup id="NavigationRestrictionNextSlide_6ddKdALzCfa" /></actions></onnextslide><onprevslide><actions><exe_actiongroup id="NavigationRestrictionPreviousSlide_6ddKdALzCfa" /></actions></onprevslide><ontimelinecomplete><actions><gotoplay window="_current" wndtype="normal"><objref type="string" value="_player.6RbS2dmNnXt.5u0OdvET9gA" /></gotoplay></actions></ontimelinecomplete><ontransitionin><actions><adjustvar variable="_player.LastSlideViewed_6V913LZV8Rn" operator="set"><value type="string" value="_player." /></adjustvar><adjustvar variable="_player.LastSlideViewed_6V913LZV8Rn" operator="add"><value type="property" value="AbsoluteId" /></adjustvar></actions></ontransitionin></events><background type="fill"><fill type="linear" rotation="90"><colors><color rgb="0xFFFFFF" alpha="100" stop="0" /></colors></fill></background><timeline duration="10250"><events><event time="0"><actions><show transition="custom" duration="0" direction="0" animationid="Entrance" reverse="false"><objref type="string" value="6HRsaqTwfKd" /></show></actions></event><event time="1250"><actions><show transition="custom" duration="0" direction="0" animationid="Entrance" reverse="false"><objref type="string" value="5w3gtwTRVju" /></show></actions></event><event time="2000"><actions><show transition="custom" duration="0" direction="0" animationid="Entrance" reverse="false"><objref type="string" value="6cPZR8x89XH" /></show></actions></event><event time="2750"><actions><show transition="custom" duration="0" direction="0" animationid="Entrance" reverse="false"><objref type="string" value="6AAuZ3Yqwaf" /></show></actions></event><event time="3500"><actions><show transition="custom" duration="0" direction="0" animationid="Entrance" reverse="false"><objref type="string" value="5lSGsGGhENZ" /></show></actions></event><event time="4000"><actions><show transition="custom" duration="0" direction="0" animationid="Entrance" reverse="false"><objref type="string" value="65kcxXEVDkS" /></show></actions></event><event time="4500"><actions><show transition="custom" duration="0" direction="0" animationid="Entrance" reverse="false"><objref type="string" value="6oSrV6jnHWq" /></show></actions></event><event time="5250"><actions><show transition="custom" duration="0" direction="0" animationid="Entrance" reverse="false"><objref type="string" value="6EUKJw4TQbM" /></show></actions></event><event time="5500"><actions><show transition="custom" duration="0" direction="0" animationid="Entrance" reverse="false"><objref type="string" value="5ntKjchTYcl" /></show></actions></event><event time="7000"><actions><show transition="custom" duration="0" direction="0" animationid="Entrance" reverse="false"><objref type="string" value="5pM8BgeFTUZ" /></show></actions></event></events></timeline><objects><vectorshape id="6cPZR8x89XH" width="115" height="115" resume="true" usehandcursor="true" shapemaskid="" xpos="289" ypos="-143" tabindex="8" tabenabled="true" xoffset="0" yoffset="0" rotatexpos="57.5" rotateypos="57.5" xscale="100" yscale="100" alpha="100" rotation="0" depth="1" scrolling="true" shufflelock="false" acctype="button" cliptobounds="false" defaultaction="onrelease"><variables><variable name="_visited" type="boolean" value="false" resume="true" /><variable name="_disabled" type="boolean" value="false" resume="true" /><variable name="_savevisited" type="boolean" value="false" resume="true" /><variable name="_state" type="string" value="_default" resume="true" /><variable name="_stateName" type="string" value="" resume="true" /><variable name="_tempStateName" type="string" value="" resume="false" /></variables><actiongroups><actiongroup id="ActGrpSetVisitedState"><actions><adjustvar variable="_savevisited" operator="set"><value type="var" value="_visited" /></adjustvar><adjustvar variable="_visited" operator="set"><value type="boolean" value="true" /></adjustvar><exe_actiongroup id="_player._setstates"><scoperef type="string" value="_this" /></exe_actiongroup></actions></actiongroup><actiongroup id="ActGrpSetDisabledState"><actions><adjustvar variable="_disabled" operator="set"><value type="boolean" value="true" /></adjustvar><exe_actiongroup id="_player._setstates"><scoperef type="string" value="_this" /></exe_actiongroup></actions></actiongroup><actiongroup id="ActGrpClearStateVars"><actions><adjustvar variable="_visited" operator="set"><value type="boolean" value="false" /></adjustvar><adjustvar variable="_disabled" operator="set"><value type="boolean" value="false" /></adjustvar><adjustvar variable="_savevisited" operator="set"><value type="boolean" value="false" /></adjustvar></actions></actiongroup></actiongroups><events><onrelease><actions><exe_actiongroup id="_this.ActGrpSetVisitedState" /><exe_actiongroup id="_player._setstates"><scoperef type="string" value="_this" /></exe_actiongroup><adjustvar variable="_player.score" operator="add"><value type="number" value="20" /></adjustvar><if_action><condition><compare operator="eq" valuea="_this.OnStage" typea="property" valueb="false" typeb="boolean" /></condition><then_actions><show transition="custom" duration="0" direction="0" animationid="Entrance" reverse="false"><objref type="string" value="_this" /></show></then_actions></if_action><exe_actiongroup id="_this.ActGrpSetDisabledState" /></actions></onrelease><ontransitionin><actions><exe_actiongroup id="_player._setstates"><scoperef type="string" value="_this" /></exe_actiongroup></actions></ontransitionin></events><data hotlinkid="" accstate="0"><vectordata left="0" top="0" right="115" bottom="115" alttext="V" pngfb="false"><pr l="Lib" i="19" /></vectordata><html5data xpos="0" ypos="0" width="115" height="115" strokewidth="0" /></data><states><state name="_default_Disabled"><data hotlinkid="" accstate="1"><vectordata left="0" top="0" right="115" bottom="115" alttext="+20" pngfb="false"><pr l="Lib" i="20" /></vectordata><html5data xpos="0" ypos="0" width="115" height="115" strokewidth="0" /></data></state><state name="_default_Visited"><data hotlinkid="" accstate="0"><vectordata left="0" top="0" right="115" bottom="115" alttext="+20" pngfb="false"><pr l="Lib" i="20" /></vectordata><html5data xpos="0" ypos="0" width="115" height="115" strokewidth="0" /></data></state><state name="_default_Visited_Disabled"><data hotlinkid="" accstate="1"><vectordata left="0" top="0" right="115" bottom="115" alttext="+20" pngfb="false"><pr l="Lib" i="20" /></vectordata><html5data xpos="0" ypos="0" width="115" height="115" strokewidth="0" /></data></state></states><animations><animation id="Entrance" duration="5000" hidetextatstart="true" animateshapewithtext="false"><tweens><tween time="0" duration="5000"><position duration="5000" easing="linear" easingdir="easein" relativerotation="false" relativestartpoint="false"><path><segment type="line"><anchora x="289" y="-143" dx="0" dy="0" /><anchorb x="289" y="561.5002" dx="0" dy="0" /></segment></path></position></tween></tweens></animation><animation id="6cgEQ15b11S" duration="5000" hidetextatstart="true" animateshapewithtext="false"><tweens><tween time="0" duration="5000"><position duration="5000" easing="linear" easingdir="easein" relativerotation="false" relativestartpoint="false"><path><segment type="line"><anchora x="289" y="-143" dx="0" dy="0" /><anchorb x="289" y="561.5002" dx="0" dy="0" /></segment></path></position></tween></tweens></animation><animation id="5zgJp4UwSwe" duration="5000" hidetextatstart="true" animateshapewithtext="false"><tweens><tween time="0" duration="5000"><position duration="5000" easing="linear" easingdir="easein" relativerotation="false" relativestartpoint="false"><path><segment type="line"><anchora x="289" y="-143" dx="0" dy="0" /><anchorb x="289" y="561.5002" dx="0" dy="0" /></segment></path></position></tween></tweens></animation></animations><textlib><textdata uniqueId="6MGpEMtMuwk_2055243175" id="01" linkid="txt__default_6cPZR8x89XH" type="vectortext" xpos="0" ypos="0" width="0" height="0" shadowindex="-1"><vectortext left="0" top="0" right="82" bottom="105" pngfb="false"><pr l="Lib" i="21" /></vectortext></textdata><textdata uniqueId="6noD3Qfqc8Z_-73863734" id="02" linkid="txt__default_Disabled_6cPZR8x89XH" type="vectortext" xpos="0" ypos="0" width="0" height="0" shadowindex="-1"><vectortext left="0" top="0" right="83" bottom="75" pngfb="false"><pr l="Lib" i="22" /></vectortext></textdata></textlib></vectorshape><vectorshape id="5w3gtwTRVju" width="115" height="115" resume="true" usehandcursor="true" shapemaskid="" xpos="85" ypos="-143" tabindex="7" tabenabled="true" xoffset="0" yoffset="0" rotatexpos="57.5" rotateypos="57.5" xscale="100" yscale="100" alpha="100" rotation="0" depth="2" scrolling="true" shufflelock="false" acctype="button" cliptobounds="false" defaultaction="onrelease"><variables><variable name="_visited" type="boolean" value="false" resume="true" /><variable name="_disabled" type="boolean" value="false" resume="true" /><variable name="_savevisited" type="boolean" value="false" resume="true" /><variable name="_state" type="string" value="_default" resume="true" /><variable name="_stateName" type="string" value="" resume="true" /><variable name="_tempStateName" type="string" value="" resume="false" /></variables><actiongroups><actiongroup id="ActGrpSetVisitedState"><actions><adjustvar variable="_savevisited" operator="set"><value type="var" value="_visited" /></adjustvar><adjustvar variable="_visited" operator="set"><value type="boolean" value="true" /></adjustvar><exe_actiongroup id="_player._setstates"><scoperef type="string" value="_this" /></exe_actiongroup></actions></actiongroup><actiongroup id="ActGrpSetDisabledState"><actions><adjustvar variable="_disabled" operator="set"><value type="boolean" value="true" /></adjustvar><exe_actiongroup id="_player._setstates"><scoperef type="string" value="_this" /></exe_actiongroup></actions></actiongroup><actiongroup id="ActGrpClearStateVars"><actions><adjustvar variable="_visited" operator="set"><value type="boolean" value="false" /></adjustvar><adjustvar variable="_disabled" operator="set"><value type="boolean" value="false" /></adjustvar><adjustvar variable="_savevisited" operator="set"><value type="boolean" value="false" /></adjustvar></actions></actiongroup></actiongroups><events><onrelease><actions><exe_actiongroup id="_this.ActGrpSetVisitedState" /><exe_actiongroup id="_player._setstates"><scoperef type="string" value="_this" /></exe_actiongroup><adjustvar variable="_player.score" operator="sub"><value type="number" value="10" /></adjustvar><if_action><condition><compare operator="eq" valuea="_this.OnStage" typea="property" valueb="false" typeb="boolean" /></condition><then_actions><show transition="custom" duration="0" direction="0" animationid="Entrance" reverse="false"><objref type="string" value="_this" /></show></then_actions></if_action><exe_actiongroup id="_this.ActGrpSetDisabledState" /></actions></onrelease><ontransitionin><actions><exe_actiongroup id="_player._setstates"><scoperef type="string" value="_this" /></exe_actiongroup></actions></ontransitionin></events><data hotlinkid="" accstate="0"><vectordata left="0" top="0" right="115" bottom="115" alttext="X" pngfb="false"><pr l="Lib" i="23" /></vectordata><html5data xpos="0" ypos="0" width="115" height="115" strokewidth="0" /></data><states><state name="_default_Disabled"><data hotlinkid="" accstate="1"><vectordata left="0" top="0" right="115" bottom="115" alttext="-10" pngfb="false"><pr l="Lib" i="24" /></vectordata><html5data xpos="0" ypos="0" width="115" height="115" strokewidth="0" /></data></state><state name="_default_Visited"><data hotlinkid="" accstate="0"><vectordata left="0" top="0" right="115" bottom="115" alttext="-10" pngfb="false"><pr l="Lib" i="24" /></vectordata><html5data xpos="0" ypos="0" width="115" height="115" strokewidth="0" /></data></state><state name="_default_Visited_Disabled"><data hotlinkid="" accstate="1"><vectordata left="0" top="0" right="115" bottom="115" alttext="-10" pngfb="false"><pr l="Lib" i="24" /></vectordata><html5data xpos="0" ypos="0" width="115" height="115" strokewidth="0" /></data></state></states><animations><animation id="Entrance" duration="5000" hidetextatstart="true" animateshapewithtext="false"><tweens><tween time="0" duration="5000"><position duration="5000" easing="linear" easingdir="easein" relativerotation="false" relativestartpoint="false"><path><segment type="line"><anchora x="85" y="-143" dx="0" dy="0" /><anchorb x="85" y="561.5002" dx="0" dy="0" /></segment></path></position></tween></tweens></animation><animation id="6j5tNdOtQTi" duration="5000" hidetextatstart="true" animateshapewithtext="false"><tweens><tween time="0" duration="5000"><position duration="5000" easing="linear" easingdir="easein" relativerotation="false" relativestartpoint="false"><path><segment type="line"><anchora x="85" y="-143" dx="0" dy="0" /><anchorb x="85" y="561.5002" dx="0" dy="0" /></segment></path></position></tween></tweens></animation></animations><textlib><textdata uniqueId="6BFAJINoO1j_1645138864" id="01" linkid="txt__default_5w3gtwTRVju" type="vectortext" xpos="0" ypos="0" width="0" height="0" shadowindex="-1"><vectortext left="0" top="0" right="80" bottom="105" pngfb="false"><pr l="Lib" i="25" /></vectortext></textdata><textdata uniqueId="5V2utiYpObr_-1512427055" id="02" linkid="txt__default_Disabled_5w3gtwTRVju" type="vectortext" xpos="0" ypos="0" width="0" height="0" shadowindex="-1"><vectortext left="0" top="0" right="83" bottom="78" pngfb="false"><pr l="Lib" i="26" /></vectortext></textdata></textlib></vectorshape><vectorshape id="6j5tNdOtQTi" width="0" height="704" resume="true" usehandcursor="true" shapemaskid="" xpos="142" ypos="-86" tabindex="21" tabenabled="true" xoffset="0" yoffset="0" rotatexpos="0" rotateypos="352" xscale="100" yscale="100" alpha="100" rotation="0" depth="3" scrolling="true" shufflelock="false" acctype="text" cliptobounds="false" defaultaction=""><data hotlinkid="" accstate="0"><vectordata left="0" top="0" right="0" bottom="0" pngfb="false"><pr l="Lib" i="27" /></vectordata></data></vectorshape><vectorshape id="6cgEQ15b11S" width="0" height="704" resume="true" usehandcursor="true" shapemaskid="" xpos="346" ypos="-86" tabindex="22" tabenabled="true" xoffset="0" yoffset="0" rotatexpos="0" rotateypos="352" xscale="100" yscale="100" alpha="100" rotation="0" depth="4" scrolling="true" shufflelock="false" acctype="text" cliptobounds="false" defaultaction=""><data hotlinkid="" accstate="0"><vectordata left="0" top="0" right="0" bottom="0" pngfb="false"><pr l="Lib" i="27" /></vectordata></data></vectorshape><vectorshape id="6oSrV6jnHWq" width="115" height="115" resume="true" usehandcursor="true" shapemaskid="" xpos="209" ypos="-277" tabindex="1" tabenabled="true" xoffset="0" yoffset="0" rotatexpos="57.5" rotateypos="57.5" xscale="100" yscale="100" alpha="100" rotation="0" depth="5" scrolling="true" shufflelock="false" acctype="button" cliptobounds="false" defaultaction="onrelease"><variables><variable name="_visited" type="boolean" value="false" resume="true" /><variable name="_disabled" type="boolean" value="false" resume="true" /><variable name="_savevisited" type="boolean" value="false" resume="true" /><variable name="_state" type="string" value="_default" resume="true" /><variable name="_stateName" type="string" value="" resume="true" /><variable name="_tempStateName" type="string" value="" resume="false" /></variables><actiongroups><actiongroup id="ActGrpSetVisitedState"><actions><adjustvar variable="_savevisited" operator="set"><value type="var" value="_visited" /></adjustvar><adjustvar variable="_visited" operator="set"><value type="boolean" value="true" /></adjustvar><exe_actiongroup id="_player._setstates"><scoperef type="string" value="_this" /></exe_actiongroup></actions></actiongroup><actiongroup id="ActGrpSetDisabledState"><actions><adjustvar variable="_disabled" operator="set"><value type="boolean" value="true" /></adjustvar><exe_actiongroup id="_player._setstates"><scoperef type="string" value="_this" /></exe_actiongroup></actions></actiongroup><actiongroup id="ActGrpClearStateVars"><actions><adjustvar variable="_visited" operator="set"><value type="boolean" value="false" /></adjustvar><adjustvar variable="_disabled" operator="set"><value type="boolean" value="false" /></adjustvar><adjustvar variable="_savevisited" operator="set"><value type="boolean" value="false" /></adjustvar></actions></actiongroup></actiongroups><events><onrelease><actions><exe_actiongroup id="_this.ActGrpSetVisitedState" /><exe_actiongroup id="_player._setstates"><scoperef type="string" value="_this" /></exe_actiongroup><adjustvar variable="_player.score" operator="sub"><value type="number" value="10" /></adjustvar><if_action><condition><compare operator="eq" valuea="_this.OnStage" typea="property" valueb="false" typeb="boolean" /></condition><then_actions><show transition="custom" duration="0" direction="0" animationid="Entrance" reverse="false"><objref type="string" value="_this" /></show></then_actions></if_action><exe_actiongroup id="_this.ActGrpSetDisabledState" /></actions></onrelease><ontransitionin><actions><exe_actiongroup id="_player._setstates"><scoperef type="string" value="_this" /></exe_actiongroup></actions></ontransitionin></events><data hotlinkid="" accstate="0"><vectordata left="0" top="0" right="115" bottom="115" alttext="X" pngfb="false"><pr l="Lib" i="23" /></vectordata><html5data xpos="0" ypos="0" width="115" height="115" strokewidth="0" /></data><states><state name="_default_Disabled"><data hotlinkid="" accstate="1"><vectordata left="0" top="0" right="115" bottom="115" alttext="-10" pngfb="false"><pr l="Lib" i="24" /></vectordata><html5data xpos="0" ypos="0" width="115" height="115" strokewidth="0" /></data></state><state name="_default_Visited"><data hotlinkid="" accstate="0"><vectordata left="0" top="0" right="115" bottom="115" alttext="-10" pngfb="false"><pr l="Lib" i="24" /></vectordata><html5data xpos="0" ypos="0" width="115" height="115" strokewidth="0" /></data></state><state name="_default_Visited_Disabled"><data hotlinkid="" accstate="1"><vectordata left="0" top="0" right="115" bottom="115" alttext="-10" pngfb="false"><pr l="Lib" i="24" /></vectordata><html5data xpos="0" ypos="0" width="115" height="115" strokewidth="0" /></data></state></states><animations><animation id="Entrance" duration="5000" hidetextatstart="true" animateshapewithtext="false"><tweens><tween time="0" duration="5000"><position duration="5000" easing="linear" easingdir="easein" relativerotation="false" relativestartpoint="false"><path><segment type="line"><anchora x="209" y="-277" dx="0" dy="0" /><anchorb x="209" y="555.5002" dx="0" dy="0" /></segment></path></position></tween></tweens></animation><animation id="6fSsYqYI5R4" duration="5000" hidetextatstart="true" animateshapewithtext="false"><tweens><tween time="0" duration="5000"><position duration="5000" easing="linear" easingdir="easein" relativerotation="false" relativestartpoint="false"><path><segment type="line"><anchora x="209" y="-277" dx="0" dy="0" /><anchorb x="209" y="555.5002" dx="0" dy="0" /></segment></path></position></tween></tweens></animation></animations><textlib><textdata uniqueId="6TnA976m4fo_-1278813299" id="01" linkid="txt__default_6oSrV6jnHWq" type="vectortext" xpos="0" ypos="0" width="0" height="0" shadowindex="-1"><vectortext left="0" top="0" right="80" bottom="105" pngfb="false"><pr l="Lib" i="25" /></vectortext></textdata><textdata uniqueId="5sc4lqOVptu_-306498824" id="02" linkid="txt__default_Disabled_6oSrV6jnHWq" type="vectortext" xpos="0" ypos="0" width="0" height="0" shadowindex="-1"><vectortext left="0" top="0" right="83" bottom="78" pngfb="false"><pr l="Lib" i="26" /></vectortext></textdata></textlib></vectorshape><vectorshape id="6fSsYqYI5R4" width="0" height="832" resume="true" usehandcursor="true" shapemaskid="" xpos="266" ypos="-220" tabindex="11" tabenabled="true" xoffset="0" yoffset="0" rotatexpos="0" rotateypos="416" xscale="100" yscale="100" alpha="100" rotation="0" depth="6" scrolling="true" shufflelock="false" acctype="text" cliptobounds="false" defaultaction=""><data hotlinkid="" accstate="0"><vectordata left="0" top="0" right="0" bottom="0" pngfb="false"><pr l="Lib" i="27" /></vectordata></data></vectorshape><vectorshape id="5zgJp4UwSwe" width="0" height="704" resume="true" usehandcursor="true" shapemaskid="" xpos="346" ypos="-86" tabindex="23" tabenabled="true" xoffset="0" yoffset="0" rotatexpos="0" rotateypos="352" xscale="100" yscale="100" alpha="100" rotation="0" depth="7" scrolling="true" shufflelock="false" acctype="text" cliptobounds="false" defaultaction=""><data hotlinkid="" accstate="0"><vectordata left="0" top="0" right="0" bottom="0" pngfb="false"><pr l="Lib" i="27" /></vectordata></data></vectorshape><vectorshape id="65kcxXEVDkS" width="115" height="115" resume="true" usehandcursor="true" shapemaskid="" xpos="575" ypos="-269" tabindex="2" tabenabled="true" xoffset="0" yoffset="0" rotatexpos="57.5" rotateypos="57.5" xscale="100" yscale="100" alpha="100" rotation="0" depth="8" scrolling="true" shufflelock="false" acctype="button" cliptobounds="false" defaultaction="onrelease"><variables><variable name="_visited" type="boolean" value="false" resume="true" /><variable name="_disabled" type="boolean" value="false" resume="true" /><variable name="_savevisited" type="boolean" value="false" resume="true" /><variable name="_state" type="string" value="_default" resume="true" /><variable name="_stateName" type="string" value="" resume="true" /><variable name="_tempStateName" type="string" value="" resume="false" /></variables><actiongroups><actiongroup id="ActGrpSetVisitedState"><actions><adjustvar variable="_savevisited" operator="set"><value type="var" value="_visited" /></adjustvar><adjustvar variable="_visited" operator="set"><value type="boolean" value="true" /></adjustvar><exe_actiongroup id="_player._setstates"><scoperef type="string" value="_this" /></exe_actiongroup></actions></actiongroup><actiongroup id="ActGrpSetDisabledState"><actions><adjustvar variable="_disabled" operator="set"><value type="boolean" value="true" /></adjustvar><exe_actiongroup id="_player._setstates"><scoperef type="string" value="_this" /></exe_actiongroup></actions></actiongroup><actiongroup id="ActGrpClearStateVars"><actions><adjustvar variable="_visited" operator="set"><value type="boolean" value="false" /></adjustvar><adjustvar variable="_disabled" operator="set"><value type="boolean" value="false" /></adjustvar><adjustvar variable="_savevisited" operator="set"><value type="boolean" value="false" /></adjustvar></actions></actiongroup></actiongroups><events><onrelease><actions><exe_actiongroup id="_this.ActGrpSetVisitedState" /><exe_actiongroup id="_player._setstates"><scoperef type="string" value="_this" /></exe_actiongroup><adjustvar variable="_player.score" operator="sub"><value type="number" value="10" /></adjustvar><if_action><condition><compare operator="eq" valuea="_this.OnStage" typea="property" valueb="false" typeb="boolean" /></condition><then_actions><show transition="custom" duration="0" direction="0" animationid="Entrance" reverse="false"><objref type="string" value="_this" /></show></then_actions></if_action><exe_actiongroup id="_this.ActGrpSetDisabledState" /></actions></onrelease><ontransitionin><actions><exe_actiongroup id="_player._setstates"><scoperef type="string" value="_this" /></exe_actiongroup></actions></ontransitionin></events><data hotlinkid="" accstate="0"><vectordata left="0" top="0" right="115" bottom="115" alttext="X" pngfb="false"><pr l="Lib" i="23" /></vectordata><html5data xpos="0" ypos="0" width="115" height="115" strokewidth="0" /></data><states><state name="_default_Disabled"><data hotlinkid="" accstate="1"><vectordata left="0" top="0" right="115" bottom="115" alttext="-10" pngfb="false"><pr l="Lib" i="24" /></vectordata><html5data xpos="0" ypos="0" width="115" height="115" strokewidth="0" /></data></state><state name="_default_Visited"><data hotlinkid="" accstate="0"><vectordata left="0" top="0" right="115" bottom="115" alttext="-10" pngfb="false"><pr l="Lib" i="24" /></vectordata><html5data xpos="0" ypos="0" width="115" height="115" strokewidth="0" /></data></state><state name="_default_Visited_Disabled"><data hotlinkid="" accstate="1"><vectordata left="0" top="0" right="115" bottom="115" alttext="-10" pngfb="false"><pr l="Lib" i="24" /></vectordata><html5data xpos="0" ypos="0" width="115" height="115" strokewidth="0" /></data></state></states><animations><animation id="Entrance" duration="5000" hidetextatstart="true" animateshapewithtext="false"><tweens><tween time="0" duration="5000"><position duration="5000" easing="linear" easingdir="easein" relativerotation="false" relativestartpoint="false"><path><segment type="line"><anchora x="575" y="-269" dx="0" dy="0" /><anchorb x="575" y="658.5002" dx="0" dy="0" /></segment></path></position></tween></tweens></animation><animation id="69uD2fDy7M6" duration="5000" hidetextatstart="true" animateshapewithtext="false"><tweens><tween time="0" duration="5000"><position duration="5000" easing="linear" easingdir="easein" relativerotation="false" relativestartpoint="false"><path><segment type="line"><anchora x="575" y="-269" dx="0" dy="0" /><anchorb x="575" y="658.5002" dx="0" dy="0" /></segment></path></position></tween></tweens></animation></animations><textlib><textdata uniqueId="6jDhUvlzBrc_186032159" id="01" linkid="txt__default_65kcxXEVDkS" type="vectortext" xpos="0" ypos="0" width="0" height="0" shadowindex="-1"><vectortext left="0" top="0" right="80" bottom="105" pngfb="false"><pr l="Lib" i="25" /></vectortext></textdata><textdata uniqueId="6FiAxI3J4pY_-7754321" id="02" linkid="txt__default_Disabled_65kcxXEVDkS" type="vectortext" xpos="0" ypos="0" width="0" height="0" shadowindex="-1"><vectortext left="0" top="0" right="83" bottom="78" pngfb="false"><pr l="Lib" i="26" /></vectortext></textdata></textlib></vectorshape><vectorshape id="69uD2fDy7M6" width="0" height="928" resume="true" usehandcursor="true" shapemaskid="" xpos="632" ypos="-212" tabindex="12" tabenabled="true" xoffset="0" yoffset="0" rotatexpos="0" rotateypos="464" xscale="100" yscale="100" alpha="100" rotation="0" depth="9" scrolling="true" shufflelock="false" acctype="text" cliptobounds="false" defaultaction=""><data hotlinkid="" accstate="0"><vectordata left="0" top="0" right="0" bottom="0" pngfb="false"><pr l="Lib" i="27" /></vectordata></data></vectorshape><vectorshape id="5ntKjchTYcl" width="115" height="115" resume="true" usehandcursor="true" shapemaskid="" xpos="451" ypos="-133" tabindex="9" tabenabled="true" xoffset="0" yoffset="0" rotatexpos="57.5" rotateypos="57.5" xscale="100" yscale="100" alpha="100" rotation="0" depth="10" scrolling="true" shufflelock="false" acctype="button" cliptobounds="false" defaultaction="onrelease"><variables><variable name="_visited" type="boolean" value="false" resume="true" /><variable name="_disabled" type="boolean" value="false" resume="true" /><variable name="_savevisited" type="boolean" value="false" resume="true" /><variable name="_state" type="string" value="_default" resume="true" /><variable name="_stateName" type="string" value="" resume="true" /><variable name="_tempStateName" type="string" value="" resume="false" /></variables><actiongroups><actiongroup id="ActGrpSetVisitedState"><actions><adjustvar variable="_savevisited" operator="set"><value type="var" value="_visited" /></adjustvar><adjustvar variable="_visited" operator="set"><value type="boolean" value="true" /></adjustvar><exe_actiongroup id="_player._setstates"><scoperef type="string" value="_this" /></exe_actiongroup></actions></actiongroup><actiongroup id="ActGrpSetDisabledState"><actions><adjustvar variable="_disabled" operator="set"><value type="boolean" value="true" /></adjustvar><exe_actiongroup id="_player._setstates"><scoperef type="string" value="_this" /></exe_actiongroup></actions></actiongroup><actiongroup id="ActGrpClearStateVars"><actions><adjustvar variable="_visited" operator="set"><value type="boolean" value="false" /></adjustvar><adjustvar variable="_disabled" operator="set"><value type="boolean" value="false" /></adjustvar><adjustvar variable="_savevisited" operator="set"><value type="boolean" value="false" /></adjustvar></actions></actiongroup></actiongroups><events><onrelease><actions><exe_actiongroup id="_this.ActGrpSetVisitedState" /><exe_actiongroup id="_player._setstates"><scoperef type="string" value="_this" /></exe_actiongroup><adjustvar variable="_player.score" operator="sub"><value type="number" value="10" /></adjustvar><if_action><condition><compare operator="eq" valuea="_this.OnStage" typea="property" valueb="false" typeb="boolean" /></condition><then_actions><show transition="custom" duration="0" direction="0" animationid="Entrance" reverse="false"><objref type="string" value="_this" /></show></then_actions></if_action><exe_actiongroup id="_this.ActGrpSetDisabledState" /></actions></onrelease><ontransitionin><actions><exe_actiongroup id="_player._setstates"><scoperef type="string" value="_this" /></exe_actiongroup></actions></ontransitionin></events><data hotlinkid="" accstate="0"><vectordata left="0" top="0" right="115" bottom="115" alttext="X" pngfb="false"><pr l="Lib" i="23" /></vectordata><html5data xpos="0" ypos="0" width="115" height="115" strokewidth="0" /></data><states><state name="_default_Disabled"><data hotlinkid="" accstate="1"><vectordata left="0" top="0" right="115" bottom="115" alttext="-10" pngfb="false"><pr l="Lib" i="24" /></vectordata><html5data xpos="0" ypos="0" width="115" height="115" strokewidth="0" /></data></state><state name="_default_Visited"><data hotlinkid="" accstate="0"><vectordata left="0" top="0" right="115" bottom="115" alttext="-10" pngfb="false"><pr l="Lib" i="24" /></vectordata><html5data xpos="0" ypos="0" width="115" height="115" strokewidth="0" /></data></state><state name="_default_Visited_Disabled"><data hotlinkid="" accstate="1"><vectordata left="0" top="0" right="115" bottom="115" alttext="-10" pngfb="false"><pr l="Lib" i="24" /></vectordata><html5data xpos="0" ypos="0" width="115" height="115" strokewidth="0" /></data></state></states><animations><animation id="Entrance" duration="5000" hidetextatstart="true" animateshapewithtext="false"><tweens><tween time="0" duration="5000"><position duration="5000" easing="linear" easingdir="easein" relativerotation="false" relativestartpoint="false"><path><segment type="line"><anchora x="451" y="-133" dx="0" dy="0" /><anchorb x="451" y="571.5002" dx="0" dy="0" /></segment></path></position></tween></tweens></animation><animation id="5qFVuWofu0U" duration="5000" hidetextatstart="true" animateshapewithtext="false"><tweens><tween time="0" duration="5000"><position duration="5000" easing="linear" easingdir="easein" relativerotation="false" relativestartpoint="false"><path><segment type="line"><anchora x="451" y="-133" dx="0" dy="0" /><anchorb x="451" y="571.5002" dx="0" dy="0" /></segment></path></position></tween></tweens></animation></animations><textlib><textdata uniqueId="5YoJ5cn9fGx_-1951347570" id="01" linkid="txt__default_5ntKjchTYcl" type="vectortext" xpos="0" ypos="0" width="0" height="0" shadowindex="-1"><vectortext left="0" top="0" right="80" bottom="105" pngfb="false"><pr l="Lib" i="25" /></vectortext></textdata><textdata uniqueId="5YAdQzKPKsN_686874" id="02" linkid="txt__default_Disabled_5ntKjchTYcl" type="vectortext" xpos="0" ypos="0" width="0" height="0" shadowindex="-1"><vectortext left="0" top="0" right="83" bottom="78" pngfb="false"><pr l="Lib" i="26" /></vectortext></textdata></textlib></vectorshape><vectorshape id="5qFVuWofu0U" width="0" height="704" resume="true" usehandcursor="true" shapemaskid="" xpos="508" ypos="-76" tabindex="24" tabenabled="true" xoffset="0" yoffset="0" rotatexpos="0" rotateypos="352" xscale="100" yscale="100" alpha="100" rotation="0" depth="11" scrolling="true" shufflelock="false" acctype="text" cliptobounds="false" defaultaction=""><data hotlinkid="" accstate="0"><vectordata left="0" top="0" right="0" bottom="0" pngfb="false"><pr l="Lib" i="27" /></vectordata></data></vectorshape><vectorshape id="5pM8BgeFTUZ" width="115" height="115" resume="true" usehandcursor="true" shapemaskid="" xpos="619" ypos="-149" tabindex="5" tabenabled="true" xoffset="0" yoffset="0" rotatexpos="57.5" rotateypos="57.5" xscale="100" yscale="100" alpha="100" rotation="0" depth="12" scrolling="true" shufflelock="false" acctype="button" cliptobounds="false" defaultaction="onrelease"><variables><variable name="_visited" type="boolean" value="false" resume="true" /><variable name="_disabled" type="boolean" value="false" resume="true" /><variable name="_savevisited" type="boolean" value="false" resume="true" /><variable name="_state" type="string" value="_default" resume="true" /><variable name="_stateName" type="string" value="" resume="true" /><variable name="_tempStateName" type="string" value="" resume="false" /></variables><actiongroups><actiongroup id="ActGrpSetVisitedState"><actions><adjustvar variable="_savevisited" operator="set"><value type="var" value="_visited" /></adjustvar><adjustvar variable="_visited" operator="set"><value type="boolean" value="true" /></adjustvar><exe_actiongroup id="_player._setstates"><scoperef type="string" value="_this" /></exe_actiongroup></actions></actiongroup><actiongroup id="ActGrpSetDisabledState"><actions><adjustvar variable="_disabled" operator="set"><value type="boolean" value="true" /></adjustvar><exe_actiongroup id="_player._setstates"><scoperef type="string" value="_this" /></exe_actiongroup></actions></actiongroup><actiongroup id="ActGrpClearStateVars"><actions><adjustvar variable="_visited" operator="set"><value type="boolean" value="false" /></adjustvar><adjustvar variable="_disabled" operator="set"><value type="boolean" value="false" /></adjustvar><adjustvar variable="_savevisited" operator="set"><value type="boolean" value="false" /></adjustvar></actions></actiongroup></actiongroups><events><onrelease><actions><exe_actiongroup id="_this.ActGrpSetVisitedState" /><exe_actiongroup id="_player._setstates"><scoperef type="string" value="_this" /></exe_actiongroup><adjustvar variable="_player.score" operator="add"><value type="number" value="20" /></adjustvar><if_action><condition><compare operator="eq" valuea="_this.OnStage" typea="property" valueb="false" typeb="boolean" /></condition><then_actions><show transition="custom" duration="0" direction="0" animationid="Entrance" reverse="false"><objref type="string" value="_this" /></show></then_actions></if_action><exe_actiongroup id="_this.ActGrpSetDisabledState" /></actions></onrelease><ontransitionin><actions><exe_actiongroup id="_player._setstates"><scoperef type="string" value="_this" /></exe_actiongroup></actions></ontransitionin></events><data hotlinkid="" accstate="0"><vectordata left="0" top="0" right="115" bottom="115" alttext="V" pngfb="false"><pr l="Lib" i="19" /></vectordata><html5data xpos="0" ypos="0" width="115" height="115" strokewidth="0" /></data><states><state name="_default_Disabled"><data hotlinkid="" accstate="1"><vectordata left="0" top="0" right="115" bottom="115" alttext="+20" pngfb="false"><pr l="Lib" i="20" /></vectordata><html5data xpos="0" ypos="0" width="115" height="115" strokewidth="0" /></data></state><state name="_default_Visited"><data hotlinkid="" accstate="0"><vectordata left="0" top="0" right="115" bottom="115" alttext="+20" pngfb="false"><pr l="Lib" i="20" /></vectordata><html5data xpos="0" ypos="0" width="115" height="115" strokewidth="0" /></data></state><state name="_default_Visited_Disabled"><data hotlinkid="" accstate="1"><vectordata left="0" top="0" right="115" bottom="115" alttext="+20" pngfb="false"><pr l="Lib" i="20" /></vectordata><html5data xpos="0" ypos="0" width="115" height="115" strokewidth="0" /></data></state></states><animations><animation id="Entrance" duration="5000" hidetextatstart="true" animateshapewithtext="false"><tweens><tween time="0" duration="5000"><position duration="5000" easing="linear" easingdir="easein" relativerotation="false" relativestartpoint="false"><path><segment type="line"><anchora x="619" y="-149" dx="0" dy="0" /><anchorb x="619" y="555.5002" dx="0" dy="0" /></segment></path></position></tween></tweens></animation><animation id="6T4kifCetcT" duration="5000" hidetextatstart="true" animateshapewithtext="false"><tweens><tween time="0" duration="5000"><position duration="5000" easing="linear" easingdir="easein" relativerotation="false" relativestartpoint="false"><path><segment type="line"><anchora x="619" y="-149" dx="0" dy="0" /><anchorb x="619" y="555.5002" dx="0" dy="0" /></segment></path></position></tween></tweens></animation><animation id="6AGJtwC1djc" duration="5000" hidetextatstart="true" animateshapewithtext="false"><tweens><tween time="0" duration="5000"><position duration="5000" easing="linear" easingdir="easein" relativerotation="false" relativestartpoint="false"><path><segment type="line"><anchora x="619" y="-149" dx="0" dy="0" /><anchorb x="619" y="555.5002" dx="0" dy="0" /></segment></path></position></tween></tweens></animation></animations><textlib><textdata uniqueId="6II8ZvPYMDZ_-487082626" id="01" linkid="txt__default_5pM8BgeFTUZ" type="vectortext" xpos="0" ypos="0" width="0" height="0" shadowindex="-1"><vectortext left="0" top="0" right="82" bottom="105" pngfb="false"><pr l="Lib" i="21" /></vectortext></textdata><textdata uniqueId="5X3Cyz5bxOW_377167675" id="02" linkid="txt__default_Disabled_5pM8BgeFTUZ" type="vectortext" xpos="0" ypos="0" width="0" height="0" shadowindex="-1"><vectortext left="0" top="0" right="83" bottom="75" pngfb="false"><pr l="Lib" i="22" /></vectortext></textdata></textlib></vectorshape><vectorshape id="6EUKJw4TQbM" width="115" height="115" resume="true" usehandcursor="true" shapemaskid="" xpos="371" ypos="-303" tabindex="0" tabenabled="true" xoffset="0" yoffset="0" rotatexpos="57.5" rotateypos="57.5" xscale="100" yscale="100" alpha="100" rotation="0" depth="13" scrolling="true" shufflelock="false" acctype="button" cliptobounds="false" defaultaction="onrelease"><variables><variable name="_visited" type="boolean" value="false" resume="true" /><variable name="_disabled" type="boolean" value="false" resume="true" /><variable name="_savevisited" type="boolean" value="false" resume="true" /><variable name="_state" type="string" value="_default" resume="true" /><variable name="_stateName" type="string" value="" resume="true" /><variable name="_tempStateName" type="string" value="" resume="false" /></variables><actiongroups><actiongroup id="ActGrpSetVisitedState"><actions><adjustvar variable="_savevisited" operator="set"><value type="var" value="_visited" /></adjustvar><adjustvar variable="_visited" operator="set"><value type="boolean" value="true" /></adjustvar><exe_actiongroup id="_player._setstates"><scoperef type="string" value="_this" /></exe_actiongroup></actions></actiongroup><actiongroup id="ActGrpSetDisabledState"><actions><adjustvar variable="_disabled" operator="set"><value type="boolean" value="true" /></adjustvar><exe_actiongroup id="_player._setstates"><scoperef type="string" value="_this" /></exe_actiongroup></actions></actiongroup><actiongroup id="ActGrpClearStateVars"><actions><adjustvar variable="_visited" operator="set"><value type="boolean" value="false" /></adjustvar><adjustvar variable="_disabled" operator="set"><value type="boolean" value="false" /></adjustvar><adjustvar variable="_savevisited" operator="set"><value type="boolean" value="false" /></adjustvar></actions></actiongroup></actiongroups><events><onrelease><actions><exe_actiongroup id="_this.ActGrpSetVisitedState" /><exe_actiongroup id="_player._setstates"><scoperef type="string" value="_this" /></exe_actiongroup><adjustvar variable="_player.score" operator="sub"><value type="number" value="10" /></adjustvar><if_action><condition><compare operator="eq" valuea="_this.OnStage" typea="property" valueb="false" typeb="boolean" /></condition><then_actions><show transition="custom" duration="0" direction="0" animationid="Entrance" reverse="false"><objref type="string" value="_this" /></show></then_actions></if_action><exe_actiongroup id="_this.ActGrpSetDisabledState" /></actions></onrelease><ontransitionin><actions><exe_actiongroup id="_player._setstates"><scoperef type="string" value="_this" /></exe_actiongroup></actions></ontransitionin></events><data hotlinkid="" accstate="0"><vectordata left="0" top="0" right="115" bottom="115" alttext="X" pngfb="false"><pr l="Lib" i="23" /></vectordata><html5data xpos="0" ypos="0" width="115" height="115" strokewidth="0" /></data><states><state name="_default_Disabled"><data hotlinkid="" accstate="1"><vectordata left="0" top="0" right="115" bottom="115" alttext="-10" pngfb="false"><pr l="Lib" i="24" /></vectordata><html5data xpos="0" ypos="0" width="115" height="115" strokewidth="0" /></data></state><state name="_default_Visited"><data hotlinkid="" accstate="0"><vectordata left="0" top="0" right="115" bottom="115" alttext="-10" pngfb="false"><pr l="Lib" i="24" /></vectordata><html5data xpos="0" ypos="0" width="115" height="115" strokewidth="0" /></data></state><state name="_default_Visited_Disabled"><data hotlinkid="" accstate="1"><vectordata left="0" top="0" right="115" bottom="115" alttext="-10" pngfb="false"><pr l="Lib" i="24" /></vectordata><html5data xpos="0" ypos="0" width="115" height="115" strokewidth="0" /></data></state></states><animations><animation id="Entrance" duration="5000" hidetextatstart="true" animateshapewithtext="false"><tweens><tween time="0" duration="5000"><position duration="5000" easing="linear" easingdir="easein" relativerotation="false" relativestartpoint="false"><path><segment type="line"><anchora x="371" y="-303" dx="0" dy="0" /><anchorb x="371" y="571.4998" dx="0" dy="0" /></segment></path></position></tween></tweens></animation><animation id="5eZkLEt0GOl" duration="5000" hidetextatstart="true" animateshapewithtext="false"><tweens><tween time="0" duration="5000"><position duration="5000" easing="linear" easingdir="easein" relativerotation="false" relativestartpoint="false"><path><segment type="line"><anchora x="371" y="-303" dx="0" dy="0" /><anchorb x="371" y="571.4998" dx="0" dy="0" /></segment></path></position></tween></tweens></animation></animations><textlib><textdata uniqueId="6rbHHxhJ92a_-1710503624" id="01" linkid="txt__default_6EUKJw4TQbM" type="vectortext" xpos="0" ypos="0" width="0" height="0" shadowindex="-1"><vectortext left="0" top="0" right="80" bottom="105" pngfb="false"><pr l="Lib" i="25" /></vectortext></textdata><textdata uniqueId="5c2PX4fbNne_-1726022108" id="02" linkid="txt__default_Disabled_6EUKJw4TQbM" type="vectortext" xpos="0" ypos="0" width="0" height="0" shadowindex="-1"><vectortext left="0" top="0" right="83" bottom="78" pngfb="false"><pr l="Lib" i="26" /></vectortext></textdata></textlib></vectorshape><vectorshape id="5eZkLEt0GOl" width="0" height="874" resume="true" usehandcursor="true" shapemaskid="" xpos="428" ypos="-246" tabindex="10" tabenabled="true" xoffset="0" yoffset="0" rotatexpos="0" rotateypos="437" xscale="100" yscale="100" alpha="100" rotation="0" depth="14" scrolling="true" shufflelock="false" acctype="text" cliptobounds="false" defaultaction=""><data hotlinkid="" accstate="0"><vectordata left="0" top="0" right="0" bottom="0" pngfb="false"><pr l="Lib" i="27" /></vectordata></data></vectorshape><vectorshape id="6T4kifCetcT" width="0" height="704" resume="true" usehandcursor="true" shapemaskid="" xpos="676" ypos="-92" tabindex="17" tabenabled="true" xoffset="0" yoffset="0" rotatexpos="0" rotateypos="352" xscale="100" yscale="100" alpha="100" rotation="0" depth="15" scrolling="true" shufflelock="false" acctype="text" cliptobounds="false" defaultaction=""><data hotlinkid="" accstate="0"><vectordata left="0" top="0" right="0" bottom="0" pngfb="false"><pr l="Lib" i="27" /></vectordata></data></vectorshape><vectorshape id="6AGJtwC1djc" width="0" height="704" resume="true" usehandcursor="true" shapemaskid="" xpos="676" ypos="-92" tabindex="18" tabenabled="true" xoffset="0" yoffset="0" rotatexpos="0" rotateypos="352" xscale="100" yscale="100" alpha="100" rotation="0" depth="16" scrolling="true" shufflelock="false" acctype="text" cliptobounds="false" defaultaction=""><data hotlinkid="" accstate="0"><vectordata left="0" top="0" right="0" bottom="0" pngfb="false"><pr l="Lib" i="27" /></vectordata></data></vectorshape><vectorshape id="6HRsaqTwfKd" width="115" height="115" resume="true" usehandcursor="true" shapemaskid="" xpos="460" ypos="-258" tabindex="4" tabenabled="true" xoffset="0" yoffset="0" rotatexpos="57.5" rotateypos="57.5" xscale="100" yscale="100" alpha="100" rotation="0" depth="17" scrolling="true" shufflelock="false" acctype="button" cliptobounds="false" defaultaction="onrelease"><variables><variable name="_visited" type="boolean" value="false" resume="true" /><variable name="_disabled" type="boolean" value="false" resume="true" /><variable name="_savevisited" type="boolean" value="false" resume="true" /><variable name="_state" type="string" value="_default" resume="true" /><variable name="_stateName" type="string" value="" resume="true" /><variable name="_tempStateName" type="string" value="" resume="false" /></variables><actiongroups><actiongroup id="ActGrpSetVisitedState"><actions><adjustvar variable="_savevisited" operator="set"><value type="var" value="_visited" /></adjustvar><adjustvar variable="_visited" operator="set"><value type="boolean" value="true" /></adjustvar><exe_actiongroup id="_player._setstates"><scoperef type="string" value="_this" /></exe_actiongroup></actions></actiongroup><actiongroup id="ActGrpSetDisabledState"><actions><adjustvar variable="_disabled" operator="set"><value type="boolean" value="true" /></adjustvar><exe_actiongroup id="_player._setstates"><scoperef type="string" value="_this" /></exe_actiongroup></actions></actiongroup><actiongroup id="ActGrpClearStateVars"><actions><adjustvar variable="_visited" operator="set"><value type="boolean" value="false" /></adjustvar><adjustvar variable="_disabled" operator="set"><value type="boolean" value="false" /></adjustvar><adjustvar variable="_savevisited" operator="set"><value type="boolean" value="false" /></adjustvar></actions></actiongroup></actiongroups><events><onrelease><actions><exe_actiongroup id="_this.ActGrpSetVisitedState" /><exe_actiongroup id="_player._setstates"><scoperef type="string" value="_this" /></exe_actiongroup><adjustvar variable="_player.score" operator="add"><value type="number" value="20" /></adjustvar><if_action><condition><compare operator="eq" valuea="_this.OnStage" typea="property" valueb="false" typeb="boolean" /></condition><then_actions><show transition="custom" duration="0" direction="0" animationid="Entrance" reverse="false"><objref type="string" value="_this" /></show></then_actions></if_action><exe_actiongroup id="_this.ActGrpSetDisabledState" /></actions></onrelease><ontransitionin><actions><exe_actiongroup id="_player._setstates"><scoperef type="string" value="_this" /></exe_actiongroup></actions></ontransitionin></events><data hotlinkid="" accstate="0"><vectordata left="0" top="0" right="115" bottom="115" alttext="V" pngfb="false"><pr l="Lib" i="19" /></vectordata><html5data xpos="0" ypos="0" width="115" height="115" strokewidth="0" /></data><states><state name="_default_Disabled"><data hotlinkid="" accstate="1"><vectordata left="0" top="0" right="115" bottom="115" alttext="+20" pngfb="false"><pr l="Lib" i="20" /></vectordata><html5data xpos="0" ypos="0" width="115" height="115" strokewidth="0" /></data></state><state name="_default_Visited"><data hotlinkid="" accstate="0"><vectordata left="0" top="0" right="115" bottom="115" alttext="+20" pngfb="false"><pr l="Lib" i="20" /></vectordata><html5data xpos="0" ypos="0" width="115" height="115" strokewidth="0" /></data></state><state name="_default_Visited_Disabled"><data hotlinkid="" accstate="1"><vectordata left="0" top="0" right="115" bottom="115" alttext="+20" pngfb="false"><pr l="Lib" i="20" /></vectordata><html5data xpos="0" ypos="0" width="115" height="115" strokewidth="0" /></data></state></states><animations><animation id="Entrance" duration="5000" hidetextatstart="true" animateshapewithtext="false"><tweens><tween time="0" duration="5000"><position duration="5000" easing="linear" easingdir="easein" relativerotation="false" relativestartpoint="false"><path><segment type="line"><anchora x="460" y="-258" dx="0" dy="0" /><anchorb x="460" y="668.5002" dx="0" dy="0" /></segment></path></position></tween></tweens></animation><animation id="5myHTK4BdHm" duration="5000" hidetextatstart="true" animateshapewithtext="false"><tweens><tween time="0" duration="5000"><position duration="5000" easing="linear" easingdir="easein" relativerotation="false" relativestartpoint="false"><path><segment type="line"><anchora x="460" y="-258" dx="0" dy="0" /><anchorb x="460" y="668.5002" dx="0" dy="0" /></segment></path></position></tween></tweens></animation><animation id="6Zkp3ObMqn5" duration="5000" hidetextatstart="true" animateshapewithtext="false"><tweens><tween time="0" duration="5000"><position duration="5000" easing="linear" easingdir="easein" relativerotation="false" relativestartpoint="false"><path><segment type="line"><anchora x="460" y="-258" dx="0" dy="0" /><anchorb x="460" y="446.5002" dx="0" dy="0" /></segment></path></position></tween></tweens></animation></animations><textlib><textdata uniqueId="6W9qdvQ85aw_-1408558603" id="01" linkid="txt__default_6HRsaqTwfKd" type="vectortext" xpos="0" ypos="0" width="0" height="0" shadowindex="-1"><vectortext left="0" top="0" right="82" bottom="105" pngfb="false"><pr l="Lib" i="21" /></vectortext></textdata><textdata uniqueId="5udqUUaCQ3X_441754712" id="02" linkid="txt__default_Disabled_6HRsaqTwfKd" type="vectortext" xpos="0" ypos="0" width="0" height="0" shadowindex="-1"><vectortext left="0" top="0" right="83" bottom="75" pngfb="false"><pr l="Lib" i="22" /></vectortext></textdata></textlib></vectorshape><vectorshape id="5myHTK4BdHm" width="0" height="926" resume="true" usehandcursor="true" shapemaskid="" xpos="518" ypos="-200" tabindex="15" tabenabled="true" xoffset="0" yoffset="0" rotatexpos="0" rotateypos="463" xscale="100" yscale="100" alpha="100" rotation="0" depth="18" scrolling="true" shufflelock="false" acctype="text" cliptobounds="false" defaultaction=""><data hotlinkid="" accstate="0"><vectordata left="0" top="0" right="0" bottom="0" pngfb="false"><pr l="Lib" i="27" /></vectordata></data></vectorshape><vectorshape id="6Zkp3ObMqn5" width="0" height="704" resume="true" usehandcursor="true" shapemaskid="" xpos="518" ypos="-200" tabindex="16" tabenabled="true" xoffset="0" yoffset="0" rotatexpos="0" rotateypos="352" xscale="100" yscale="100" alpha="100" rotation="0" depth="19" scrolling="true" shufflelock="false" acctype="text" cliptobounds="false" defaultaction=""><data hotlinkid="" accstate="0"><vectordata left="0" top="0" right="0" bottom="0" pngfb="false"><pr l="Lib" i="27" /></vectordata></data></vectorshape><vectorshape id="6AAuZ3Yqwaf" width="115" height="115" resume="true" usehandcursor="true" shapemaskid="" xpos="104" ypos="-258" tabindex="3" tabenabled="true" xoffset="0" yoffset="0" rotatexpos="57.5" rotateypos="57.5" xscale="100" yscale="100" alpha="100" rotation="0" depth="20" scrolling="true" shufflelock="false" acctype="button" cliptobounds="false" defaultaction="onrelease"><variables><variable name="_visited" type="boolean" value="false" resume="true" /><variable name="_disabled" type="boolean" value="false" resume="true" /><variable name="_savevisited" type="boolean" value="false" resume="true" /><variable name="_state" type="string" value="_default" resume="true" /><variable name="_stateName" type="string" value="" resume="true" /><variable name="_tempStateName" type="string" value="" resume="false" /></variables><actiongroups><actiongroup id="ActGrpSetVisitedState"><actions><adjustvar variable="_savevisited" operator="set"><value type="var" value="_visited" /></adjustvar><adjustvar variable="_visited" operator="set"><value type="boolean" value="true" /></adjustvar><exe_actiongroup id="_player._setstates"><scoperef type="string" value="_this" /></exe_actiongroup></actions></actiongroup><actiongroup id="ActGrpSetDisabledState"><actions><adjustvar variable="_disabled" operator="set"><value type="boolean" value="true" /></adjustvar><exe_actiongroup id="_player._setstates"><scoperef type="string" value="_this" /></exe_actiongroup></actions></actiongroup><actiongroup id="ActGrpClearStateVars"><actions><adjustvar variable="_visited" operator="set"><value type="boolean" value="false" /></adjustvar><adjustvar variable="_disabled" operator="set"><value type="boolean" value="false" /></adjustvar><adjustvar variable="_savevisited" operator="set"><value type="boolean" value="false" /></adjustvar></actions></actiongroup></actiongroups><events><onrelease><actions><exe_actiongroup id="_this.ActGrpSetVisitedState" /><exe_actiongroup id="_player._setstates"><scoperef type="string" value="_this" /></exe_actiongroup><adjustvar variable="_player.score" operator="add"><value type="number" value="20" /></adjustvar><if_action><condition><compare operator="eq" valuea="_this.OnStage" typea="property" valueb="false" typeb="boolean" /></condition><then_actions><show transition="custom" duration="0" direction="0" animationid="Entrance" reverse="false"><objref type="string" value="_this" /></show></then_actions></if_action><exe_actiongroup id="_this.ActGrpSetDisabledState" /></actions></onrelease><ontransitionin><actions><exe_actiongroup id="_player._setstates"><scoperef type="string" value="_this" /></exe_actiongroup></actions></ontransitionin></events><data hotlinkid="" accstate="0"><vectordata left="0" top="0" right="115" bottom="115" alttext="V" pngfb="false"><pr l="Lib" i="19" /></vectordata><html5data xpos="0" ypos="0" width="115" height="115" strokewidth="0" /></data><states><state name="_default_Disabled"><data hotlinkid="" accstate="1"><vectordata left="0" top="0" right="115" bottom="115" alttext="+20" pngfb="false"><pr l="Lib" i="20" /></vectordata><html5data xpos="0" ypos="0" width="115" height="115" strokewidth="0" /></data></state><state name="_default_Visited"><data hotlinkid="" accstate="0"><vectordata left="0" top="0" right="115" bottom="115" alttext="+20" pngfb="false"><pr l="Lib" i="20" /></vectordata><html5data xpos="0" ypos="0" width="115" height="115" strokewidth="0" /></data></state><state name="_default_Visited_Disabled"><data hotlinkid="" accstate="1"><vectordata left="0" top="0" right="115" bottom="115" alttext="+20" pngfb="false"><pr l="Lib" i="20" /></vectordata><html5data xpos="0" ypos="0" width="115" height="115" strokewidth="0" /></data></state></states><animations><animation id="Entrance" duration="5000" hidetextatstart="true" animateshapewithtext="false"><tweens><tween time="0" duration="5000"><position duration="5000" easing="linear" easingdir="easein" relativerotation="false" relativestartpoint="false"><path><segment type="line"><anchora x="104" y="-258" dx="0" dy="0" /><anchorb x="104" y="571.4999" dx="0" dy="0" /></segment></path></position></tween></tweens></animation><animation id="5gNQPiUEYLX" duration="5000" hidetextatstart="true" animateshapewithtext="false"><tweens><tween time="0" duration="5000"><position duration="5000" easing="linear" easingdir="easein" relativerotation="false" relativestartpoint="false"><path><segment type="line"><anchora x="104" y="-258" dx="0" dy="0" /><anchorb x="104" y="571.4999" dx="0" dy="0" /></segment></path></position></tween></tweens></animation><animation id="62EgBQbxGEE" duration="5000" hidetextatstart="true" animateshapewithtext="false"><tweens><tween time="0" duration="5000"><position duration="5000" easing="linear" easingdir="easein" relativerotation="false" relativestartpoint="false"><path><segment type="line"><anchora x="104" y="-258" dx="0" dy="0" /><anchorb x="110.5" y="534.5002" dx="0" dy="0" /></segment></path></position></tween></tweens></animation></animations><textlib><textdata uniqueId="5Z7ZIF0DIou_1490601607" id="01" linkid="txt__default_6AAuZ3Yqwaf" type="vectortext" xpos="0" ypos="0" width="0" height="0" shadowindex="-1"><vectortext left="0" top="0" right="82" bottom="105" pngfb="false"><pr l="Lib" i="21" /></vectortext></textdata><textdata uniqueId="6CDgZz89vz5_106981092" id="02" linkid="txt__default_Disabled_6AAuZ3Yqwaf" type="vectortext" xpos="0" ypos="0" width="0" height="0" shadowindex="-1"><vectortext left="0" top="0" right="83" bottom="75" pngfb="false"><pr l="Lib" i="22" /></vectortext></textdata></textlib></vectorshape><vectorshape id="5lSGsGGhENZ" width="115" height="115" resume="true" usehandcursor="true" shapemaskid="" xpos="0" ypos="-143" tabindex="6" tabenabled="true" xoffset="0" yoffset="0" rotatexpos="57.5" rotateypos="57.5" xscale="100" yscale="100" alpha="100" rotation="0" depth="21" scrolling="true" shufflelock="false" acctype="button" cliptobounds="false" defaultaction="onrelease"><variables><variable name="_visited" type="boolean" value="false" resume="true" /><variable name="_disabled" type="boolean" value="false" resume="true" /><variable name="_savevisited" type="boolean" value="false" resume="true" /><variable name="_state" type="string" value="_default" resume="true" /><variable name="_stateName" type="string" value="" resume="true" /><variable name="_tempStateName" type="string" value="" resume="false" /></variables><actiongroups><actiongroup id="ActGrpSetVisitedState"><actions><adjustvar variable="_savevisited" operator="set"><value type="var" value="_visited" /></adjustvar><adjustvar variable="_visited" operator="set"><value type="boolean" value="true" /></adjustvar><exe_actiongroup id="_player._setstates"><scoperef type="string" value="_this" /></exe_actiongroup></actions></actiongroup><actiongroup id="ActGrpSetDisabledState"><actions><adjustvar variable="_disabled" operator="set"><value type="boolean" value="true" /></adjustvar><exe_actiongroup id="_player._setstates"><scoperef type="string" value="_this" /></exe_actiongroup></actions></actiongroup><actiongroup id="ActGrpClearStateVars"><actions><adjustvar variable="_visited" operator="set"><value type="boolean" value="false" /></adjustvar><adjustvar variable="_disabled" operator="set"><value type="boolean" value="false" /></adjustvar><adjustvar variable="_savevisited" operator="set"><value type="boolean" value="false" /></adjustvar></actions></actiongroup></actiongroups><events><onrelease><actions><exe_actiongroup id="_this.ActGrpSetVisitedState" /><exe_actiongroup id="_player._setstates"><scoperef type="string" value="_this" /></exe_actiongroup><adjustvar variable="_player.score" operator="add"><value type="number" value="20" /></adjustvar><if_action><condition><compare operator="eq" valuea="_this.OnStage" typea="property" valueb="false" typeb="boolean" /></condition><then_actions><show transition="custom" duration="0" direction="0" animationid="Entrance" reverse="false"><objref type="string" value="_this" /></show></then_actions></if_action><exe_actiongroup id="_this.ActGrpSetDisabledState" /></actions></onrelease><ontransitionin><actions><exe_actiongroup id="_player._setstates"><scoperef type="string" value="_this" /></exe_actiongroup></actions></ontransitionin></events><data hotlinkid="" accstate="0"><vectordata left="0" top="0" right="115" bottom="115" alttext="V" pngfb="false"><pr l="Lib" i="19" /></vectordata><html5data xpos="0" ypos="0" width="115" height="115" strokewidth="0" /></data><states><state name="_default_Disabled"><data hotlinkid="" accstate="1"><vectordata left="0" top="0" right="115" bottom="115" alttext="+20" pngfb="false"><pr l="Lib" i="20" /></vectordata><html5data xpos="0" ypos="0" width="115" height="115" strokewidth="0" /></data></state><state name="_default_Visited"><data hotlinkid="" accstate="0"><vectordata left="0" top="0" right="115" bottom="115" alttext="+20" pngfb="false"><pr l="Lib" i="20" /></vectordata><html5data xpos="0" ypos="0" width="115" height="115" strokewidth="0" /></data></state><state name="_default_Visited_Disabled"><data hotlinkid="" accstate="1"><vectordata left="0" top="0" right="115" bottom="115" alttext="+20" pngfb="false"><pr l="Lib" i="20" /></vectordata><html5data xpos="0" ypos="0" width="115" height="115" strokewidth="0" /></data></state></states><animations><animation id="Entrance" duration="5000" hidetextatstart="true" animateshapewithtext="false"><tweens><tween time="0" duration="5000"><position duration="5000" easing="linear" easingdir="easein" relativerotation="false" relativestartpoint="false"><path><segment type="line"><anchora x="0" y="-143" dx="0" dy="0" /><anchorb x="0" y="561.5002" dx="0" dy="0" /></segment></path></position></tween></tweens></animation><animation id="63Usg8K6DH9" duration="5000" hidetextatstart="true" animateshapewithtext="false"><tweens><tween time="0" duration="5000"><position duration="5000" easing="linear" easingdir="easein" relativerotation="false" relativestartpoint="false"><path><segment type="line"><anchora x="0" y="-143" dx="0" dy="0" /><anchorb x="0" y="561.5002" dx="0" dy="0" /></segment></path></position></tween></tweens></animation><animation id="5pfB8AoOYtq" duration="5000" hidetextatstart="true" animateshapewithtext="false"><tweens><tween time="0" duration="5000"><position duration="5000" easing="linear" easingdir="easein" relativerotation="false" relativestartpoint="false"><path><segment type="line"><anchora x="0" y="-143" dx="0" dy="0" /><anchorb x="0" y="561.5002" dx="0" dy="0" /></segment></path></position></tween></tweens></animation></animations><textlib><textdata uniqueId="6nPTHf6D4zv_169124465" id="01" linkid="txt__default_5lSGsGGhENZ" type="vectortext" xpos="0" ypos="0" width="0" height="0" shadowindex="-1"><vectortext left="0" top="0" right="82" bottom="105" pngfb="false"><pr l="Lib" i="21" /></vectortext></textdata><textdata uniqueId="5psi3vpyHnj_1603843231" id="02" linkid="txt__default_Disabled_5lSGsGGhENZ" type="vectortext" xpos="0" ypos="0" width="0" height="0" shadowindex="-1"><vectortext left="0" top="0" right="83" bottom="75" pngfb="false"><pr l="Lib" i="22" /></vectortext></textdata></textlib></vectorshape><vectorshape id="5gNQPiUEYLX" width="0" height="830" resume="true" usehandcursor="true" shapemaskid="" xpos="162" ypos="-200" tabindex="13" tabenabled="true" xoffset="0" yoffset="0" rotatexpos="0" rotateypos="415" xscale="100" yscale="100" alpha="100" rotation="0" depth="22" scrolling="true" shufflelock="false" acctype="text" cliptobounds="false" defaultaction=""><data hotlinkid="" accstate="0"><vectordata left="0" top="0" right="0" bottom="0" pngfb="false"><pr l="Lib" i="27" /></vectordata></data></vectorshape><vectorshape id="62EgBQbxGEE" width="6" height="792" resume="true" usehandcursor="true" shapemaskid="" xpos="162" ypos="-200" tabindex="14" tabenabled="true" xoffset="0" yoffset="0" rotatexpos="3" rotateypos="396" xscale="100" yscale="100" alpha="100" rotation="0" depth="23" scrolling="true" shufflelock="false" acctype="text" cliptobounds="false" defaultaction=""><data hotlinkid="" accstate="0"><vectordata left="0" top="0" right="0" bottom="0" pngfb="false"><pr l="Lib" i="27" /></vectordata></data></vectorshape><vectorshape id="63Usg8K6DH9" width="0" height="704" resume="true" usehandcursor="true" shapemaskid="" xpos="58" ypos="-86" tabindex="19" tabenabled="true" xoffset="0" yoffset="0" rotatexpos="0" rotateypos="352" xscale="100" yscale="100" alpha="100" rotation="0" depth="24" scrolling="true" shufflelock="false" acctype="text" cliptobounds="false" defaultaction=""><data hotlinkid="" accstate="0"><vectordata left="0" top="0" right="0" bottom="0" pngfb="false"><pr l="Lib" i="27" /></vectordata></data></vectorshape><vectorshape id="5pfB8AoOYtq" width="0" height="704" resume="true" usehandcursor="true" shapemaskid="" xpos="58" ypos="-86" tabindex="20" tabenabled="true" xoffset="0" yoffset="0" rotatexpos="0" rotateypos="352" xscale="100" yscale="100" alpha="100" rotation="0" depth="25" scrolling="true" shufflelock="false" acctype="text" cliptobounds="false" defaultaction=""><data hotlinkid="" accstate="0"><vectordata left="0" top="0" right="0" bottom="0" pngfb="false"><pr l="Lib" i="27" /></vectordata></data></vectorshape></objects><presenterref id="none" /></slide>